City_ID,City,Lat,Lng,Max Temp,Humidity,Cloudiness,Wind Speed,Country,Date
0,san ignacio de velasco,-16.3667,-60.95,37.42,29,50,6.57,BO,1729790271
1,lihue,21.9789,-159.3672,23.77,95,75,1.54,US,1729790271
2,port-aux-francais,-49.35,70.2167,2.2,85,100,8.36,TF,1729790271
3,georgetown,5.4112,100.3354,27.96,83,20,1.03,MY,1729790271
4,codrington,-38.2667,141.9667,8.34,71,51,5.24,AU,1729790271
5,qaqortoq,60.7167,-46.0333,2.85,97,100,7.94,GL,1729790271
6,blackmans bay,-43.0167,147.3167,5.07,85,71,1.79,AU,1729790271
7,kurumkan,54.3,110.3,-8.57,78,4,1.84,RU,1729790272
8,edinburgh of the seven seas,-37.0676,-12.3116,13.67,78,68,9.24,SH,1729790272
9,waitangi,-43.9535,-176.5597,13.23,92,55,2.24,NZ,1729790272
10,ushuaia,-54.8,-68.3,7.81,66,40,7.72,AR,1729790272
11,ostersund,63.1792,14.6357,9.25,76,0,4.12,SE,1729790272
12,el alto,-4.2714,-81.2147,22.63,67,2,8.18,PE,1729790272
13,tazacorte,28.629,-17.9293,23.42,78,75,4.63,ES,1729790272
14,enewetak,11.3474,162.3373,28.35,77,96,2.96,MH,1729790273
15,mil'kovo,55.6078,37.7956,9.08,81,100,5.58,RU,1729790273
16,ilulissat,69.2167,-51.1,-0.99,51,75,3.6,GL,1729790273
17,hawaiian paradise park,19.5933,-154.9731,22.16,97,20,3.09,US,1729790273
18,gaoual,11.75,-13.2,26.14,89,100,0.25,GN,1729790273
19,york,40.1254,-77.0,16.95,45,0,7.2,US,1729790273
20,lebu,-37.6167,-73.65,13.13,67,100,3.9,CL,1729790273
21,puerto natales,-51.7236,-72.4875,7.25,65,75,6.17,CL,1729790273
22,shalkar,47.8288,59.6258,10.79,65,100,6.21,KZ,1729790273
23,san patricio,28.017,-97.5169,28.97,50,2,3.91,US,1729790273
24,wailua homesteads,22.0669,-159.378,23.44,96,75,1.54,US,1729790001
25,port sudan,19.6175,37.2164,28.99,66,90,4.36,SD,1729790274
26,amahai,-3.3333,128.9167,25.63,78,88,1.13,ID,1729790274
27,marsh harbour,26.5412,-77.0636,25.67,64,1,4.42,BS,1729790274
28,hailar,49.2,119.7,0.09,74,26,5.45,CN,1729790274
29,la ronge,55.1001,-105.2842,4.14,65,100,6.17,CA,1729790274
30,tiksi,71.6872,128.8694,-21.33,96,60,1.9,RU,1729790274
31,grytviken,-54.2811,-36.5092,-0.58,86,58,5.55,GS,1729790274
32,antofagasta,-23.65,-70.4,16.6,69,4,4.63,CL,1729790274
33,olonkinbyen,70.9221,-8.7187,1.97,95,100,6.34,SJ,1729790274
34,pangody,65.85,74.4859,-2.38,97,100,5.75,RU,1729790274
35,adamstown,-25.066,-130.1015,21.1,80,100,8.22,PN,1729790274
36,albany,42.6001,-73.9662,14.21,65,36,1.34,US,1729790275
37,usmajac,19.8667,-103.5667,22.67,41,2,2.43,MX,1729790275
38,livingston,55.9029,-3.5226,13.2,71,75,2.06,GB,1729790275
39,gurinhem,-7.1239,-35.4244,31.5,37,99,5.03,BR,1729790276
40,fort irwin,35.2627,-116.6848,22.74,17,0,2.06,US,1729790276
41,hermanus,-34.4187,19.2345,16.0,81,38,3.62,ZA,1729790276
42,chonchi,-42.6128,-73.8092,13.95,55,100,3.21,CL,1729790276
43,whitehorse,60.7161,-135.0538,-4.39,92,75,1.03,CA,1729790276
44,ta`u,-14.2336,-169.5144,27.08,82,100,9.51,AS,1729790277
45,alofi,-19.0595,-169.9187,22.94,94,100,4.63,NU,1729790277
46,khandyga,62.6667,135.6,-11.73,88,100,1.18,RU,1729790277
47,kununurra,-15.7667,128.7333,26.99,78,61,2.57,AU,1729790277
48,margaret river,-33.95,115.0667,12.73,88,88,2.77,AU,1729790277
49,papatowai,-46.5619,169.4708,11.68,56,0,8.15,NZ,1729790277
50,nuuk,64.1835,-51.7216,1.34,100,100,22.64,GL,1729790277
51,kodiak,57.79,-152.4072,5.73,87,100,2.06,US,1729790277
52,flin flon,54.7682,-101.865,3.91,75,100,3.6,CA,1729790277
53,bathurst,-33.4166,149.5806,1.46,76,0,1.36,AU,1729790277
54,bredasdorp,-34.5322,20.0403,15.83,71,28,4.83,ZA,1729790277
55,crane,31.3974,-102.3501,27.28,37,0,9.15,US,1729790277
56,port hedland,-20.3167,118.5667,29.03,51,18,5.14,AU,1729790277
57,bilibino,68.0546,166.4372,-26.45,100,66,2.22,RU,1729790277
58,west island,-12.1568,96.8225,25.99,78,75,6.69,CC,1729790278
59,beyneu,45.3167,55.2,11.56,66,100,4.49,KZ,1729790278
60,vila franca do campo,37.7167,-25.4333,19.23,99,49,6.0,PT,1729790278
61,kilindoni,-7.9139,39.6668,25.66,75,26,4.35,TZ,1729790278
62,bethel,41.3712,-73.414,19.41,58,0,7.2,US,1729790278
63,arraial do cabo,-22.9661,-42.0278,27.98,83,75,8.23,BR,1729790278
64,ribeira grande,38.5167,-28.7,19.22,59,40,5.81,PT,1729790278
65,mejit,10.2753,170.8646,27.9,79,81,4.21,MH,1729790278
66,tokar,18.4254,37.729,29.46,68,89,5.25,SD,1729790278
67,anadyr,64.75,177.4833,-12.72,85,0,2.0,RU,1729790278
68,sittwe,20.15,92.9,27.27,82,71,5.95,MM,1729790278
69,remire-montjoly,4.9167,-52.2667,33.02,52,20,6.69,GF,1729790278
70,punta arenas,-53.15,-70.9167,8.06,66,75,13.38,CL,1729790278
71,jamestown,42.097,-79.2353,12.23,52,75,2.57,US,1729790279
72,queenstown,-31.8976,26.8753,20.61,39,5,3.48,ZA,1729790279
73,palmer,42.1584,-72.3287,21.19,47,40,7.2,US,1729790279
74,nemuro,43.3236,145.575,12.9,77,100,4.65,JP,1729790279
75,kousa,25.9141,32.7636,25.94,15,0,1.62,EG,1729790279
76,salalah,17.0151,54.0924,29.05,79,75,2.06,OM,1729790279
77,staroyur'yevo,53.3161,40.7081,7.7,69,74,5.35,RU,1729790279
78,altamont,42.2068,-121.7372,-0.09,97,0,0.0,US,1729790279
79,goronyo,13.4423,5.6763,34.18,14,56,3.21,NG,1729790279
80,mabaruma,8.2,-59.7833,29.02,83,100,1.99,GY,1729790279
81,talcahuano,-36.7167,-73.1167,13.82,82,75,4.12,CL,1729790280
82,iskateley,67.6803,53.1512,-0.01,88,75,3.42,RU,1729790280
83,kayangel,8.0823,134.7173,27.72,80,100,8.6,PW,1729790280
84,lompoc,34.6391,-120.4579,25.07,40,40,0.0,US,1729790280
85,dunedin,-45.8742,170.5036,10.18,85,13,1.23,NZ,1729790280
86,al majaridah,19.1236,41.9111,29.92,63,56,0.68,SA,1729790280
87,charters towers,-20.1,146.2667,20.68,82,20,3.47,AU,1729790280
88,wagar,16.1525,36.2032,35.27,32,95,1.46,SD,1729790280
89,arteche,12.2645,125.4048,25.4,87,95,2.25,PH,1729790280
90,aasiaat,68.7098,-52.8699,-2.08,58,100,9.13,GL,1729790280
91,kone,-21.0595,164.8658,20.43,91,12,1.74,NC,1729790280
92,grants pass,42.439,-123.3284,11.38,93,100,0.0,US,1729790280
93,pisco,-13.7,-76.2167,21.12,77,0,5.14,PE,1729790280
94,pulgaon,20.7333,78.3333,21.51,67,81,2.73,IN,1729790281
95,solnechnyy,50.7214,136.6319,-1.72,92,14,2.0,RU,1729790281
96,hithadhoo,-0.6,73.0833,28.31,72,6,4.58,MV,1729790281
97,longyearbyen,78.2186,15.6401,0.91,93,75,0.51,SJ,1729790281
98,iqaluit,63.7506,-68.5145,-3.15,68,75,6.71,CA,1729790281
99,thompson,55.7435,-97.8558,0.09,93,75,1.54,CA,1729790281
100,kavaratti,10.5669,72.642,28.22,81,100,2.08,IN,1729790281
101,imeni morozova,59.9757,31.0376,6.62,1,90,2.93,RU,1729790281
102,mahanoro,-19.9,48.8,21.73,83,9,2.23,MG,1729790281
103,stanley,54.868,-1.6985,11.27,86,40,1.54,GB,1729790281
104,luang namtha,20.9497,101.4011,24.25,72,91,0.4,LA,1729790281
105,laguna,38.421,-121.4238,15.98,39,0,4.63,US,1729790282
106,safford,32.834,-109.7076,24.51,20,0,0.0,US,1729790282
107,bykovo,55.6361,38.0803,8.85,93,75,5.0,RU,1729790282
108,fada n'gourma,12.0622,0.3578,34.44,31,98,3.61,BF,1729790282
109,fortuna,40.5982,-124.1573,8.32,100,0,3.6,US,1729790282
110,touros,-5.1989,-35.4608,28.57,56,92,6.97,BR,1729790282
111,patacamaya,-17.2333,-67.9167,18.27,12,12,3.0,BO,1729790282
112,mont-dore,-22.2833,166.5833,20.86,88,41,1.8,NC,1729790284
113,avarua,-21.2078,-159.775,23.03,68,75,5.66,CK,1729790284
114,mersa matruh,31.3525,27.2453,21.95,56,1,6.2,EG,1729790284
115,sagua de tanamo,20.5819,-75.2414,30.24,65,42,3.14,CU,1729790284
116,invercargill,-46.4,168.35,10.01,85,3,1.34,NZ,1729790284
117,nieuw amsterdam,5.8833,-55.0833,34.01,49,40,3.09,SR,1729790284
118,port douglas,-16.4833,145.4667,23.19,81,100,2.28,AU,1729790284
119,port elizabeth,-33.918,25.5701,18.16,91,20,13.89,ZA,1729790284
120,colonia,50.9333,6.95,14.41,84,100,6.17,DE,1729790284
121,chibougamau,49.9168,-74.3659,2.79,60,100,4.63,CA,1729790284
122,saipan,15.1355,145.701,25.39,94,100,6.69,MP,1729790284
123,hamilton,39.1834,-84.5333,18.21,57,40,4.63,US,1729790285
124,camayenne,9.535,-13.6878,29.05,84,75,3.09,GN,1729790285
125,tolanaro,-25.0319,46.9987,24.04,78,20,12.86,MG,1729790285
126,kill devil hills,36.0307,-75.676,22.01,65,75,7.2,US,1729790285
127,afaahiti,-17.75,-149.2833,24.18,81,79,10.19,PF,1729790285
128,vangaindrano,-23.35,47.6,22.32,86,67,2.82,MG,1729790285
129,mayakonda,14.2833,76.0833,22.25,70,88,1.18,IN,1729790285
130,north bay,46.3168,-79.4663,8.01,61,40,3.6,CA,1729790285
131,tsiombe,-25.3,45.4833,24.23,76,16,1.74,MG,1729790285
132,cockburn town,21.4612,-71.1419,27.82,76,11,4.1,TC,1729790285
133,portland,45.5234,-122.6762,8.43,91,40,1.79,US,1729790149
134,rongelap,11.1635,166.8941,28.61,79,95,5.12,MH,1729790285
135,klaksvik,62.2266,-6.589,9.59,82,67,13.0,FO,1729790285
136,alvaraes,-3.2208,-64.8042,33.93,40,91,0.77,BR,1729790285
137,jieshi,22.8134,115.8257,23.63,44,100,5.16,CN,1729790286
138,jingdezhen,29.2947,117.2079,11.33,88,1,2.16,CN,1729790286
139,arkhangel'sk,64.5401,40.5433,3.06,93,75,2.0,RU,1729790286
140,selu,19.4667,76.4667,23.3,62,100,3.7,IN,1729790286
141,kolonia town,6.964,158.206,26.0,94,75,1.54,FM,1729790286
142,rikaze,29.25,88.8833,6.67,34,0,2.05,CN,1729790113
143,taoudenni,22.6783,-3.9836,32.18,15,0,4.69,ML,1729790286
144,saudarkrokur,65.7461,-19.6394,-1.67,96,100,8.27,IS,1729790286
145,vilyuchinsk,52.9306,158.4028,4.15,93,100,1.14,RU,1729790286
146,naha,26.2125,127.6811,26.15,79,75,9.77,JP,1729790286
147,shakawe,-18.3667,21.85,31.17,7,13,2.27,BW,1729790286
148,alotau,-10.3069,150.4462,23.88,97,100,1.54,PG,1729790286
149,quang ngai,15.1167,108.8,21.42,89,100,1.14,VN,1729790286
150,khvalynsk,52.4906,48.1058,8.73,59,97,5.77,RU,1729790287
151,ormara,25.2088,64.6357,28.13,75,0,5.19,PK,1729790287
152,utrik,11.2278,169.8474,28.31,79,79,4.18,MH,1729790287
153,kirakira,-10.4544,161.9205,25.89,86,30,3.52,SB,1729790287
154,ust-nera,64.5667,143.2,-17.43,96,100,1.83,RU,1729790287
155,ishigaki,24.3448,124.1572,28.07,94,75,5.66,JP,1729790287
156,hammerfest,70.6634,23.6821,4.25,87,40,0.51,NO,1729790287
157,dickinson,29.4608,-95.0513,28.93,64,0,0.45,US,1729790287
158,nar'yan-mar,67.6713,53.087,0.04,88,76,3.46,RU,1729790287
159,panevezys,55.7333,24.35,8.64,92,46,3.21,LT,1729790287
160,al jawf,29.5,38.75,16.81,20,0,5.02,SA,1729790287
161,langepas,61.2544,75.2124,3.55,99,100,3.5,RU,1729790287
162,hotan,37.0997,79.9269,15.64,18,100,1.98,CN,1729790287
163,labytnangi,66.6572,66.4183,-4.06,94,96,6.0,RU,1729790288
164,chui,-33.6971,-53.4616,22.29,86,100,3.47,UY,1729790187
165,aswan,24.0934,32.907,26.38,16,0,5.35,EG,1729790288
166,akureyri,65.6835,-18.0878,0.96,86,75,12.35,IS,1729790288
167,esmeraldas,-19.7625,-44.3139,23.71,77,89,1.97,BR,1729790288
168,salinopolis,-0.6136,-47.3561,29.51,66,48,5.44,BR,1729790288
169,thaba nchu,-29.2093,26.839,21.89,25,0,2.49,ZA,1729790288
170,moose jaw,50.4001,-105.5344,5.15,75,75,6.17,CA,1729790288
171,tchintabaraden,15.8969,5.7985,36.27,9,29,6.33,NE,1729790288
172,gebeit,21.0667,36.3167,25.01,56,61,3.83,SD,1729790288
173,pandan,14.0453,124.1694,27.57,78,100,8.0,PH,1729790288
174,el bolson,-41.9667,-71.5167,11.13,80,95,3.87,AR,1729790288
175,mitu,1.1983,-70.1733,33.14,51,53,1.09,CO,1729790289
176,nikolayevsk-on-amure,53.1406,140.73,0.29,92,98,4.03,RU,1729790289
177,sabang,5.8933,95.3214,28.44,75,40,7.35,ID,1729790289
178,tosontsengel,48.7567,98.2839,-3.73,95,46,0.91,MN,1729790289
179,gisborne,-38.6533,178.0042,16.0,65,1,4.66,NZ,1729790289
180,alghero,40.5589,8.3181,20.05,88,40,2.06,IT,1729790289
181,tucumcari,35.1717,-103.725,22.91,31,0,6.17,US,1729790289
182,alice springs,-23.7,133.8833,20.75,32,49,3.6,AU,1729790289
183,aitape,-3.1374,142.3475,25.02,82,100,1.96,PG,1729790289
184,birjand,32.8663,59.2211,20.26,32,75,0.0,IR,1729790289
185,port mathurin,-19.6833,63.4167,22.87,89,100,12.04,MU,1729790289
186,college,64.8569,-147.8028,-3.01,86,100,2.57,US,1729790289
187,nova vicosa,-17.8919,-39.3719,29.13,57,89,5.95,BR,1729790289
188,darzab,35.9774,65.3783,11.48,74,15,1.33,AF,1729790290
189,ulladulla,-35.35,150.4667,10.66,90,59,2.53,AU,1729790290
190,puerto rico,-26.796,-55.024,33.69,53,32,7.47,AR,1729790290
191,daru,-9.0763,143.2092,24.33,77,100,2.15,PG,1729790290
192,atherton,53.5237,-2.4935,15.08,82,70,1.79,GB,1729790290
193,nova sintra,14.8667,-24.7167,26.47,73,100,3.01,CV,1729790290
194,dogondoutchi,13.6393,4.0287,36.33,12,39,4.0,NE,1729790290
195,la gi,10.6667,107.7833,25.07,87,100,2.1,VN,1729790290
196,klyuchi,52.2667,79.1667,6.89,75,100,6.27,RU,1729790290
197,udachny,66.4167,112.4,-17.4,99,98,1.27,RU,1729790290
198,kerikeri,-35.2268,173.9474,12.16,95,3,0.98,NZ,1729790290
199,vilhena,-12.7406,-60.1458,32.12,55,75,6.17,BR,1729790131
200,sept-iles,50.2001,-66.3821,10.29,56,40,4.12,CA,1729790290
201,vorgashor,67.5833,63.95,-7.19,90,64,2.88,RU,1729790291
202,siler city,35.7235,-79.4622,23.89,29,0,2.06,US,1729790291
203,tocopilla,-22.092,-70.1979,21.0,61,13,4.1,CL,1729790291
204,hadibu,12.65,54.0333,27.35,82,83,2.5,YE,1729790291
205,fort wellington,6.4,-57.6,30.25,66,44,5.63,GY,1729790291
206,manadhoo,5.7667,73.3833,27.72,81,97,6.23,MV,1729790291
207,ola,59.5833,151.2833,-2.75,79,100,9.28,RU,1729790291
208,sarangani,5.4033,125.4636,28.88,73,93,7.33,PH,1729790291
209,mananjary,-21.2167,48.3333,22.26,82,29,3.66,MG,1729790291
210,trairi,-3.2778,-39.2689,29.56,59,81,7.97,BR,1729790291
211,arauca,7.0847,-70.7591,32.98,58,20,2.06,CO,1729790291
212,xique xique,-10.8217,-42.7311,33.39,41,58,1.58,BR,1729790291
213,kletskaya,49.3145,43.0584,9.52,55,41,3.82,RU,1729790291
214,ponta delgada,37.7333,-25.6667,19.4,55,40,5.66,PT,1729790292
215,belmonte,-15.8631,-38.8828,28.37,59,5,4.49,BR,1729790292
216,ribeira brava,32.65,-17.0667,23.73,70,70,0.65,PT,1729790292
217,puerto ayora,-0.7393,-90.3518,21.97,93,81,2.24,EC,1729790292
218,port alfred,-33.5906,26.891,17.88,91,77,2.68,ZA,1729790292
219,benghazi,32.1167,20.0667,22.06,59,0,9.32,LY,1729790292
220,nogliki,51.8333,143.1667,2.32,84,100,8.26,RU,1729790292
221,fisterra,42.9049,-9.2629,16.0,83,100,7.61,ES,1729790292
222,khouribga,32.9333,-6.6,23.6,33,79,1.7,MA,1729790292
223,susuman,62.7833,148.1667,-14.55,88,100,1.58,RU,1729790292
224,selfoss,63.9331,-20.9971,2.8,74,58,5.2,IS,1729790292
225,zhezqazghan,47.7833,67.7667,10.39,57,100,9.14,KZ,1729790292
226,mthatha,-31.5889,28.7844,21.31,73,4,2.57,ZA,1729790293
227,kapa'a,22.0752,-159.319,24.18,95,75,1.54,US,1729790293
228,okha,53.5739,142.9478,1.12,90,100,10.07,RU,1729790293
229,badger,64.8,-147.5333,-2.86,91,100,2.57,US,1729790293
230,pirenopolis,-15.8525,-48.9592,30.36,50,49,3.03,BR,1729790293
231,boise,43.6135,-116.2035,7.34,66,0,4.12,US,1729790216
232,yilan,24.757,121.753,23.77,99,100,1.99,TW,1729790293
233,sola,-13.8833,167.55,26.36,82,23,7.56,VU,1729790293
234,port lincoln,-34.7333,135.8667,11.4,70,9,1.5,AU,1729790293
235,sitka,57.0531,-135.33,3.94,87,75,4.12,US,1729790293
236,atafu village,-8.5421,-172.5159,28.25,76,100,7.12,TK,1729790293
237,khash,28.2211,61.2158,22.04,34,3,2.21,IR,1729790293
238,yellowknife,62.456,-114.3525,-2.55,95,75,4.63,CA,1729790200
239,ar ruways,24.1103,52.7306,30.93,64,3,3.99,AE,1729790294
240,buta,2.7858,24.73,26.73,71,54,0.88,CD,1729790294
241,prince rupert,54.3161,-130.3201,8.05,78,100,7.2,CA,1729790275
242,lumut,4.2323,100.6298,29.01,74,20,2.06,MY,1729790294
243,parker,32.7668,-97.8003,29.64,57,22,2.24,US,1729790294
244,ghanzi,-21.5667,21.7833,29.54,7,0,4.03,BW,1729790294
245,coronel dorrego,-38.7187,-61.2873,23.82,30,76,7.59,AR,1729790294
246,egersund,58.4513,5.9997,11.57,93,74,5.82,NO,1729790294
247,east london,-33.0153,27.9116,18.52,94,0,1.03,ZA,1729790294
248,leh,34.1667,77.5833,2.69,28,19,2.39,IN,1729790294
249,el calafate,-50.3408,-72.2768,9.13,56,45,9.55,AR,1729790294
250,st. john's,47.5649,-52.7093,17.66,94,100,5.66,CA,1729790294
251,keflavik,64.0049,-22.5624,2.24,87,75,5.14,IS,1729790294
252,olyokminsk,60.3736,120.4264,-5.23,92,100,3.02,RU,1729790295
253,hilo,19.7297,-155.09,22.28,90,20,3.09,US,1729790295
254,lakatoro,-16.0999,167.4164,25.4,86,11,5.53,VU,1729790295
255,agadez,19.75,10.25,31.64,12,57,3.19,NE,1729790295
256,tazovsky,67.4667,78.7,-8.11,94,100,6.14,RU,1729790295
257,vernon,50.2581,-119.2691,8.58,63,8,0.51,CA,1729790295
258,dongsheng,39.8161,109.9776,9.46,53,84,4.05,CN,1729790295
259,gereida,11.2811,25.1414,31.12,20,57,3.44,SD,1729790295
260,saint-philippe,-21.3585,55.7679,22.29,87,50,6.25,RE,1729790295
261,yung shue wan,22.2333,114.1167,24.86,43,63,6.96,HK,1729790295
262,isafjordur,66.0755,-23.124,-0.98,86,100,2.06,IS,1729790295
263,holualoa,19.6228,-155.9522,22.15,85,0,5.14,US,1729790295
264,cabo san lucas,22.8909,-109.9124,31.95,53,0,4.12,MX,1729790295
265,pio,15.0466,120.5181,25.49,94,100,6.17,PH,1729790296
266,horta,38.5333,-28.6333,18.8,66,40,5.81,PT,1729790296
267,guiyang,26.5833,106.7167,12.27,66,20,1.0,CN,1729790296
268,oranjemund,-28.55,16.4333,15.54,90,12,8.47,NA,1729790296
269,santa maria,-29.6842,-53.8069,26.29,81,85,7.09,BR,1729790296
270,kuybyshev,55.4475,78.3218,5.35,86,99,5.38,RU,1729790296
271,plesetsk,62.708,40.2916,4.29,86,100,3.64,RU,1729790296
272,petropavlovsk-kamchatsky,53.0452,158.6483,3.33,100,100,2.0,RU,1729790296
273,novyy urgal,51.0736,132.5642,-3.24,57,33,1.09,RU,1729790296
274,sharlyk,52.9167,54.75,7.47,77,100,8.02,RU,1729790296
275,mittenaar,50.7,8.3833,11.89,94,85,0.45,DE,1729790296
276,dakhla,23.6848,-15.958,26.01,41,0,6.17,EH,1729790296
277,talnakh,69.4865,88.3972,-13.74,92,100,2.79,RU,1729790296
278,kapit,2.0167,112.9333,23.01,94,99,0.91,MY,1729790296
279,karratha,-20.7377,116.8463,28.63,43,2,2.62,AU,1729790297
280,navoloki,57.4657,41.9634,5.92,76,71,3.17,RU,1729790297
281,melekeok village,7.4957,134.6367,25.31,94,100,4.12,PW,1729790297
282,frolovo,49.7713,43.6622,8.58,60,44,3.97,RU,1729790297
283,greenville,35.6127,-77.3663,24.97,47,0,4.63,US,1729790297
284,turkmenbasy,40.0222,52.9552,11.43,76,0,3.09,TM,1729790297
285,kingston,17.997,-76.7936,31.76,74,20,6.17,JM,1729790297
286,ajalpan,18.3667,-97.25,21.4,70,85,1.76,MX,1729790297
287,las animas,-39.8087,-73.2182,13.08,99,100,1.82,CL,1729790297
288,salekhard,66.53,66.6019,-4.16,95,96,6.33,RU,1729790297
289,burang,30.25,81.1667,1.99,80,8,1.15,CN,1729790298
290,matoury,4.8483,-52.3317,32.98,52,20,6.69,GF,1729790298
291,duck lake,52.8168,-106.2344,7.7,49,99,7.08,CA,1729790298
292,flying fish cove,-10.4217,105.6791,24.82,83,75,3.09,CX,1729790298
293,dordrecht,51.81,4.6736,13.34,86,0,0.89,NL,1729790298
294,merizo village,13.2658,144.6691,27.77,91,67,3.09,GU,1729790298
295,tortoli,39.9256,9.6572,21.19,86,75,7.2,IT,1729790298
296,rabo de peixe,37.8,-25.5833,18.73,99,40,5.66,PT,1729790298
297,vadso,70.0744,29.7487,2.09,87,20,1.54,NO,1729790298
298,palikir - national government center,6.9248,158.1611,25.41,94,75,1.54,FM,1729790298
299,tabora,-5.0167,32.8,27.31,35,61,1.97,TZ,1729790299
300,yankton,42.8711,-97.3973,16.73,41,100,5.66,US,1729790299
301,usinsk,65.9939,57.5281,2.77,97,100,4.23,RU,1729790299
302,sarina,-21.4333,149.2167,22.56,86,58,2.86,AU,1729790299
303,kloulklubed,7.0419,134.2556,28.97,76,100,7.23,PW,1729790299
304,cova figueira,14.8905,-24.2934,20.82,75,100,3.9,CV,1729790299
305,chardon,41.6142,-81.149,13.01,68,26,0.89,US,1729790125
306,amuntai,-2.4177,115.2494,23.8,90,70,0.64,ID,1729790299
307,bayside,40.8424,-124.0637,12.32,66,0,1.54,US,1729790299
308,piranshahr,36.701,45.1413,2.37,76,87,2.39,IR,1729790299
309,umm kaddadah,13.6017,26.6876,32.39,14,3,4.7,SD,1729790299
310,idfu,24.9803,32.8747,26.19,15,0,4.39,EG,1729790299
311,severo-yeniseyskiy,60.3725,93.0408,-7.48,96,100,1.56,RU,1729790299
312,qax,41.4225,46.9242,10.55,64,99,1.8,AZ,1729790299
313,dompu,-8.5356,118.4622,24.95,90,52,1.15,ID,1729790300
314,misratah,32.3754,15.0925,23.43,61,68,6.42,LY,1729790300
315,ulanhot,46.0833,122.0833,7.13,42,80,2.49,CN,1729790300
316,bayanhongor,46.7167,100.1167,-3.48,89,100,0.86,MN,1729790300
317,torghay,49.6339,63.4981,10.34,71,100,10.08,KZ,1729790300
318,sorong,-0.8833,131.25,26.45,83,90,3.18,ID,1729790300
319,kismayo,-0.3582,42.5454,26.29,79,14,6.94,SO,1729790300
320,shchuchyn,53.6014,24.7465,7.93,77,97,3.5,BY,1729790300
321,wellington,-41.2866,174.7756,16.81,88,100,10.29,NZ,1729790122
322,zlotoryja,51.1264,15.9198,12.81,60,0,3.9,PL,1729790300
323,joshimath,30.5667,79.5667,10.9,51,7,2.88,IN,1729790300
324,hauterive,46.0901,3.4459,16.47,71,0,3.3,FR,1729790300
325,rehoboth,-23.3167,17.0833,29.84,7,0,3.83,NA,1729790300
326,al muwayh,22.4333,41.7583,26.6,39,26,1.39,SA,1729790301
327,san carlos de bariloche,-41.1456,-71.3082,12.86,47,40,14.92,AR,1729790301
328,port saint john's,-31.6229,29.5448,20.53,86,6,1.75,ZA,1729790301
329,buurhakaba,2.8026,44.0781,26.33,65,79,8.15,SO,1729790301
330,huarmey,-10.0681,-78.1522,21.23,75,46,5.34,PE,1729790301
331,launceston,-41.45,147.1667,5.8,65,20,3.09,AU,1729790084
332,kamogawa,35.1,140.1,21.1,91,100,3.02,JP,1729790301
333,ambovombe,-25.1667,46.0833,25.48,66,26,4.07,MG,1729790301
334,magong,23.5654,119.5863,24.38,87,100,20.02,TW,1729790301
335,ingeniero jacobacci,-41.3427,-69.5448,17.28,25,67,13.24,AR,1729790301
336,sebastopol,44.6,33.5333,12.22,51,86,1.34,UA,1729790302
337,sao felix do xingu,-6.6447,-51.995,40.45,19,77,1.22,BR,1729790302
338,nouadhibou,20.931,-17.0347,30.99,30,31,3.6,MR,1729790302
339,mongo,12.1844,18.693,32.3,26,66,1.38,TD,1729790302
340,tromso,69.6496,18.957,7.01,81,100,7.2,NO,1729790302
341,wenchang,30.904,118.4887,12.88,88,23,3.75,CN,1729790302
342,necochea,-38.5473,-58.7368,22.03,46,97,4.45,AR,1729790302
343,birni n konni,13.7956,5.2553,35.14,13,44,3.49,NE,1729790302
344,mount pearl,47.5166,-52.7813,17.19,93,100,5.66,CA,1729790302
345,dhuusamarreeb,5.535,46.3861,31.57,46,100,4.87,SO,1729790041
346,college station,30.628,-96.3344,26.64,72,0,0.89,US,1729790196
347,paramonga,-10.6667,-77.8333,20.48,77,43,4.78,PE,1729790303
348,constantia,44.1833,28.65,9.38,56,100,3.67,RO,1729790303
349,beitbridge,-22.2167,30.0,25.49,56,6,5.68,ZW,1729790303
350,ciudad bolivar,8.1222,-63.5497,34.28,45,67,2.29,VE,1729790303
351,albacete,38.8333,-2.0,18.45,59,20,2.57,ES,1729790303
352,nizhneangarsk,55.7833,109.55,-8.8,71,2,2.07,RU,1729790303
353,howrah,22.5892,88.3103,25.0,88,100,5.14,IN,1729790303
354,liptovsky hradok,49.0396,19.7234,8.89,73,0,1.58,SK,1729790303
355,bubaque,11.2833,-15.8333,27.22,78,100,1.9,GW,1729790303
356,zhytkavichy,52.2168,27.8561,7.67,75,74,2.59,BY,1729790303
357,giyani,-23.3025,30.7187,24.8,57,12,3.02,ZA,1729790303
358,peno,56.9262,32.7426,8.77,82,97,4.51,RU,1729790303
359,soio,-6.1349,12.3689,25.37,84,91,3.45,AO,1729790303
360,hasaki,35.7333,140.8333,20.46,83,100,9.25,JP,1729790304
361,motueka,-41.1333,173.0167,17.28,97,99,1.94,NZ,1729790304
362,usol'ye,59.4268,56.6808,5.55,89,100,2.33,RU,1729790304
363,engel's,51.5,46.1167,9.15,40,83,2.68,RU,1729790304
364,thunder bay,48.4001,-89.3168,12.99,54,20,2.06,CA,1729790304
365,saldanha,-33.0117,17.9442,17.03,85,19,8.2,ZA,1729790304
366,pama,11.2497,0.7075,32.74,44,75,1.84,BF,1729790304
367,antsiranana,-12.2787,49.2917,24.84,76,3,7.51,MG,1729790304
368,kaukauna,44.278,-88.272,15.06,51,40,5.66,US,1729790304
369,saint-joseph,-21.3667,55.6167,22.21,83,54,6.12,RE,1729790304
370,juquia,-24.3208,-47.6347,35.03,43,73,4.15,BR,1729790304
371,nguigmi,14.2495,13.1092,31.45,22,65,2.47,NE,1729790304
372,tarawa,1.419,172.984,27.05,83,20,4.63,KI,1729790304
373,pacific grove,36.6177,-121.9166,19.67,70,0,0.45,US,1729790305
374,ain taya,36.7933,3.2869,22.91,83,40,1.54,DZ,1729790305
375,happy valley-goose bay,53.3168,-60.3315,9.17,34,75,5.14,CA,1729790305
376,haenam,34.5711,126.5989,13.06,63,0,1.33,KR,1729790305
377,carutapera,-1.195,-46.02,30.84,56,100,4.85,BR,1729790305
378,aripuana,-9.1667,-60.6333,35.07,39,86,1.62,BR,1729790305
379,boundiali,9.5217,-6.4869,26.78,78,90,2.07,CI,1729790305
380,murray bridge,-35.1167,139.2667,8.4,84,45,2.6,AU,1729790305
381,terra roxa,-23.8557,-50.0314,28.94,57,70,3.45,BR,1729790305
382,nishinoomote,30.7333,131.0,23.77,81,100,9.53,JP,1729790305
383,isla mujeres,21.2311,-86.731,29.03,61,8,4.53,MX,1729790305
384,minas de marcona,-15.2119,-75.1103,21.37,46,14,7.81,PE,1729790306
385,kourou,5.1552,-52.6478,31.68,58,26,4.83,GF,1729790306
386,am timan,11.0297,20.2827,30.0,35,59,1.77,TD,1729790306
387,fort st. john,56.2499,-120.8529,2.94,56,20,8.23,CA,1729790306
388,mamit,23.9333,92.4833,20.43,99,92,0.8,IN,1729790306
389,bam,29.106,58.357,26.95,27,69,5.08,IR,1729790306
390,patnanungan,14.7833,122.1833,27.0,79,99,11.05,PH,1729790306
391,sur,22.5667,59.5289,28.63,58,6,3.73,OM,1729790306
392,praia da vitoria,38.7333,-27.0667,19.14,59,40,7.28,PT,1729790306
393,bodo,67.28,14.405,11.02,86,75,9.77,NO,1729790306
394,lincheng,19.9078,109.6858,22.09,60,58,1.98,CN,1729790306
395,ketchikan,55.3422,-131.6461,6.54,81,40,2.06,US,1729790306
396,kuhmo,64.1333,29.5167,2.35,93,56,1.74,FI,1729790306
397,inonu,37.3167,33.7667,9.32,45,7,1.44,TR,1729790307
398,chita,52.0333,113.55,-6.06,50,8,6.0,RU,1729790307
399,black river,18.0264,-77.8487,30.89,62,29,3.74,JM,1729790307
400,praia,14.9215,-23.5087,28.3,69,75,5.14,CV,1729790307
401,humaita,-7.5061,-63.0208,36.46,39,98,1.93,BR,1729790307
402,itauna,-20.0753,-44.5764,24.97,72,95,4.45,BR,1729790307
403,kitimat,54.0524,-128.6534,7.17,52,100,2.31,CA,1729790307
404,rio grande,-32.035,-52.0986,18.79,94,96,6.13,BR,1729790307
405,buka,40.8108,69.1986,12.5,60,0,3.14,UZ,1729790307
406,betafo,-19.8333,46.85,18.77,65,99,0.85,MG,1729790307
407,kropp,54.4167,9.5167,11.95,86,12,3.09,DE,1729790307
408,al ghayzah,16.2079,52.176,28.16,76,9,3.7,YE,1729790307
409,greymouth,-42.4667,171.2,12.64,95,100,0.81,NZ,1729790307
410,broken hill,-31.95,141.4333,11.21,49,0,5.77,AU,1729790307
411,san luis de la loma,17.2706,-100.8939,28.97,70,2,1.25,MX,1729790308
412,coquimbo,-29.9533,-71.3436,17.85,67,20,7.72,CL,1729790232
413,srivardhan,18.0333,73.0167,27.39,78,79,2.67,IN,1729790308
414,kupang,-10.1667,123.5833,26.32,100,8,0.51,ID,1729790308
415,gao,16.6362,1.637,38.28,12,33,4.08,ML,1729790308
416,tan-tan,28.438,-11.1032,26.97,50,0,6.69,MA,1729790308
417,fort bragg,35.139,-79.006,26.06,42,0,5.14,US,1729790308
418,luanda,-8.8368,13.2343,26.0,78,40,6.17,AO,1729790175
419,khorixas,-20.3667,14.9667,27.03,21,1,7.66,NA,1729790308
420,weno,7.4515,151.8468,27.97,83,100,5.66,FM,1729790308
421,nanakuli,21.3906,-158.1547,25.02,78,0,2.06,US,1729790308
422,walvis bay,-22.9575,14.5053,16.53,77,37,8.75,NA,1729790308
423,maragogi,-9.0122,-35.2225,27.85,56,56,5.71,BR,1729790308
424,mount isa,-20.7333,139.5,26.87,28,1,8.75,AU,1729790309
425,nowa deba,50.4297,21.7508,6.01,63,7,2.24,PL,1729790309
426,kapuskasing,49.4169,-82.4331,7.05,81,100,4.12,CA,1729790309
427,peniche,39.3558,-9.3811,20.67,89,100,3.89,PT,1729790309
428,artesia,33.8658,-118.0831,24.55,61,0,0.0,US,1729790309
429,tabas,33.5959,56.9244,19.12,77,100,3.09,IR,1729790309
430,gidam,18.9833,81.4,18.38,77,100,0.17,IN,1729790309
431,syevyerodonets'k,48.9483,38.4917,10.34,52,74,4.22,UA,1729790309
432,santa rita,-7.1139,-34.9781,29.37,58,75,6.17,BR,1729790309
433,puerto aysen,-45.4,-72.7,12.09,63,71,3.3,CL,1729790309
434,grado,43.388,-6.0743,22.5,64,40,2.06,ES,1729790309
435,kroya,-7.6331,109.2461,25.7,84,51,2.14,ID,1729790309
436,alaghsas,17.0187,8.0168,33.94,10,0,5.14,NE,1729790309
437,isla vista,34.4133,-119.861,24.14,67,0,2.57,US,1729790310
438,mwanza,-2.5167,32.9,24.68,64,27,3.42,TZ,1729790310
439,chinde,26.8212,87.7095,18.4,94,73,1.79,NP,1729790310
440,amga,60.8953,131.9608,-11.37,98,100,0.87,RU,1729790310
441,aoulef,26.9667,1.0833,28.94,25,0,3.45,DZ,1729790310
442,constitucion,-35.3333,-72.4167,17.13,67,7,6.14,CL,1729790310
443,las trojes,14.0667,-85.9833,26.5,64,39,2.34,HN,1729790310
444,callao,-12.0667,-77.15,19.16,77,100,3.6,PE,1729790310
445,galesong,-5.3166,119.3661,26.66,85,31,3.3,ID,1729790310
446,souillac,-20.5167,57.5167,25.21,78,75,6.17,MU,1729790310
447,sisimiut,66.9395,-53.6735,-2.53,68,100,1.91,GL,1729790311
448,varde,55.6211,8.4807,10.1,93,13,5.14,DK,1729790311
449,plastunovskaya,45.2939,39.2669,12.94,87,75,2.89,RU,1729790311
450,colonia menno,-22.3667,-59.8167,31.45,45,90,5.64,PY,1729790311
451,luderitz,-26.6481,15.1594,18.4,69,0,11.62,NA,1729790311
452,berlin,52.5244,13.4105,13.86,75,0,4.12,DE,1729790239
453,gadzhiyevo,69.2551,33.3362,3.31,86,78,4.85,RU,1729790311
454,nadym,65.5333,72.5167,-0.08,98,100,5.11,RU,1729790311
455,brisas de zicatela,15.8369,-97.0419,30.29,74,20,3.6,MX,1729790311
456,medina del campo,41.3124,-4.9141,18.38,54,67,3.29,ES,1729790311
457,moyynkum,44.2914,72.9469,10.35,56,21,3.58,KZ,1729790311
458,tateyama,34.9833,139.8667,21.98,89,100,5.29,JP,1729790311
459,pskov,57.8136,28.3496,9.95,81,40,4.0,RU,1729790311
460,val-d'or,48.1002,-77.7828,4.05,75,100,3.6,CA,1729790312
461,ballina,-28.8667,153.5667,19.13,92,100,5.62,AU,1729790312
462,hami,42.8,93.45,11.9,39,80,3.18,CN,1729790312
463,punta alta,-38.8759,-62.0736,23.24,37,77,3.4,AR,1729790312
464,zeya,53.75,127.2667,-2.9,93,100,1.62,RU,1729790312
465,plastun,44.7561,136.2939,0.63,80,3,2.7,RU,1729790312
466,tuzha,57.6062,47.936,6.1,87,100,4.11,RU,1729790312
467,uturoa,-16.7333,-151.4333,26.47,79,48,7.88,PF,1729790312
468,naze,28.3667,129.4833,24.51,83,100,7.65,JP,1729790312
469,namsos,64.4662,11.4957,8.95,100,40,4.63,NO,1729790312
470,waiuku,-37.25,174.75,14.26,88,19,1.76,NZ,1729790312
471,ancud,-41.8697,-73.8203,11.77,74,100,5.85,CL,1729790312
472,tutong,4.8,114.65,25.56,90,100,4.1,BN,1729790312
473,piranhas,-16.4269,-51.8222,35.65,39,17,5.03,BR,1729790313
474,geraldton,-28.7667,114.6,17.23,88,0,5.14,AU,1729790313
475,cadereyta,25.5833,-99.9833,24.4,60,0,2.59,MX,1729790313
476,grand baie,-20.0182,57.5802,24.14,85,31,1.34,MU,1729790270
477,cervantes,-39.05,-67.3833,25.53,18,19,13.28,AR,1729790313
478,coahuayana de hidalgo,18.7,-103.6583,32.26,60,0,1.2,MX,1729790313
479,dul'durga,50.6761,113.5931,-9.08,86,44,1.51,RU,1729790313
480,jindabyne,-36.4167,148.6333,4.76,93,62,1.81,AU,1729790313
481,revda,56.801,59.9303,3.67,89,100,2.91,RU,1729790104
482,santarem,-2.4431,-54.7083,34.07,49,20,4.63,BR,1729790313
483,ha'il,27.5219,41.6907,18.01,24,0,4.12,SA,1729790313
484,prado,-17.3411,-39.2208,27.32,67,60,7.1,BR,1729790313
485,orosei,40.3798,9.6929,18.74,89,100,0.84,IT,1729790314
486,santa cruz,-17.8,-63.1667,35.52,35,21,9.05,BO,1729790314
487,scottburgh,-30.2867,30.7532,19.82,84,2,2.67,ZA,1729790314
488,fairmont,39.4851,-80.1426,16.34,52,6,2.33,US,1729790314
489,yoichi,43.2039,140.7703,9.26,81,6,3.58,JP,1729790314
490,zhanibek,49.4167,46.85,8.83,62,23,3.92,KZ,1729790314
491,eastham,41.8301,-69.9739,17.76,81,99,9.39,US,1729790314
492,leer,53.2316,7.461,11.64,92,0,3.58,DE,1729790314
493,peace river,56.2501,-117.286,4.17,65,0,8.23,CA,1729790314
494,san antonio de pale,-1.4014,5.6325,25.62,82,100,6.24,GQ,1729790314
495,fale old settlement,-9.3852,-171.2468,28.04,77,98,7.58,TK,1729790314
496,castillos,-34.1667,-53.8333,21.68,89,100,3.35,UY,1729790314
497,shihezi,44.3,86.0333,10.65,75,100,1.91,CN,1729790315
498,roma,43.2128,-75.4557,10.94,68,100,3.6,US,1729790230
499,dabhol,17.6,73.1667,26.58,80,96,1.14,IN,1729790315
500,baoying,33.2292,119.3092,12.95,83,69,2.35,CN,1729790315
501,tanout,14.9709,8.8879,33.0,10,80,5.34,NE,1729790315
502,el charco,2.4769,-78.1105,27.01,83,79,2.96,CO,1729790315
503,namibe,-15.1961,12.1522,20.82,70,94,2.22,AO,1729790315
504,sinabang,2.4803,96.3801,26.0,77,28,1.94,ID,1729790315
505,itamaraca,-7.7478,-34.8256,27.73,56,59,4.77,BR,1729790315
506,yeniseysk,58.4497,92.1703,-1.0,97,100,3.02,RU,1729790315
507,princeville,45.7668,-61.2985,20.29,89,100,2.68,CA,1729790315
508,mullovka,54.2,49.4,7.68,75,99,5.61,RU,1729790315
509,vrangel',42.7297,133.0839,7.37,63,0,2.44,RU,1729790316
510,zyryanskoye,56.8306,86.6258,4.0,97,98,4.73,RU,1729790316
511,menongue,-14.6585,17.691,29.32,27,94,2.73,AO,1729790316
512,sao cristovao,-11.0147,-37.2064,29.95,62,40,6.69,BR,1729790316
513,kalevala,65.2,31.1667,2.09,89,13,2.07,RU,1729790316
514,kurmuk,10.55,34.2833,22.73,91,65,1.67,SD,1729790316
515,sao vicente,-23.9631,-46.3919,33.98,29,0,2.68,BR,1729790316
516,kalmunai,7.4167,81.8167,26.6,81,72,3.72,LK,1729790316
517,chom bueng,13.62,99.5917,24.27,88,76,2.09,TH,1729790316
518,farasan,16.7022,42.1183,31.58,66,6,1.96,SA,1729790316
519,vila velha,-20.3297,-40.2925,30.97,70,20,10.29,BR,1729790316
520,meulaboh,4.1363,96.1285,25.55,80,7,2.56,ID,1729790316
521,hays,30.0502,-98.0336,28.63,64,25,4.58,US,1729790316
522,lata,40.1629,-8.3327,17.4,82,100,2.29,PT,1729790316
523,agios nikolaos,35.1914,25.7133,17.74,74,15,5.06,GR,1729790317
524,banjar,-8.19,114.9675,24.39,91,24,3.42,ID,1729790317
525,domerat,46.3606,2.5343,16.82,86,9,3.13,FR,1729790317
526,oruro,-17.9833,-67.15,17.52,6,19,3.21,BO,1729790317
527,leava,-14.3,-178.1667,26.8,84,100,10.89,WF,1729790317
528,boyolangu,-8.1181,111.8935,24.27,90,77,1.17,ID,1729790317
529,griffith,41.5284,-87.4237,16.08,50,0,3.6,US,1729790317
530,phan rang-thap cham,11.5667,108.9833,24.35,91,100,0.89,VN,1729790317
531,port macquarie,-31.4333,152.9167,15.04,93,94,2.68,AU,1729790317
532,rockport,28.0206,-97.0544,29.03,69,0,3.09,US,1729790317
533,playas,-2.6333,-80.3833,25.34,71,52,5.54,EC,1729790317
534,homa bay,-0.5273,34.4571,21.05,68,70,1.92,KE,1729790317
535,new norfolk,-42.7826,147.0587,5.51,98,78,1.35,AU,1729790317
536,bereket,39.2446,55.5154,15.28,50,23,2.85,TM,1729790318
537,ceeldheer,3.8488,47.1806,26.24,81,22,5.91,SO,1729790318
538,naryn,41.4287,75.9911,2.81,40,46,2.62,KG,1729790318
539,morehead,37.2711,-87.1764,19.86,54,0,0.0,US,1729790318
540,shashemene,7.2,38.6,18.33,73,74,2.12,ET,1729790318
541,gazli,40.1333,63.45,13.06,37,0,3.18,UZ,1729790318
542,magadan,59.5667,150.8,-3.11,86,100,10.57,RU,1729790318
543,shahrak,34.1074,64.3052,11.43,57,74,1.62,AF,1729790318
544,pimentel,-6.8367,-79.9342,23.16,64,0,8.23,PE,1729790318
545,dindori,22.95,81.0833,19.73,79,92,2.32,IN,1729790318
546,egilsstadir,65.2653,-14.3948,1.95,64,75,4.12,IS,1729790319
547,mtambile,-5.3833,39.7,25.66,80,37,5.87,TZ,1729790319
548,san pedro pochutla,15.7333,-96.4667,30.84,70,96,1.59,MX,1729790319
549,zhigalovo,54.8097,105.1578,-6.7,85,28,1.05,RU,1729790319
550,rocha,-34.4833,-54.3333,21.77,90,100,4.63,UY,1729790319
551,newman,37.3138,-121.0208,18.35,35,47,3.58,US,1729790319
552,nagqu,31.5,92.0,1.04,39,100,0.91,CN,1729790319
553,kokpekty,48.75,82.4,7.15,78,100,6.82,KZ,1729790319
554,nabire,-3.3667,135.4833,24.27,83,100,1.41,ID,1729790319
555,brookings,44.3114,-96.7984,12.92,53,0,5.66,US,1729790252
556,brooks,50.5834,-111.8851,3.99,65,1,2.06,CA,1729790101
557,puerto deseado,-47.7503,-65.8938,11.19,59,14,7.36,AR,1729790319
558,sesheke,-17.4759,24.2968,33.4,17,59,5.6,ZM,1729790319
559,rancho palos verdes,33.7445,-118.387,20.89,83,81,2.53,US,1729790320
560,yuzhno-kurilsk,44.0306,145.8556,11.36,72,82,7.3,RU,1729790320
561,santiago de cuba,20.0247,-75.8219,31.06,62,40,3.6,CU,1729790320
562,vanimo,-2.6741,141.3028,25.07,85,100,1.36,PG,1729790320
563,la mira,18.035,-102.3266,29.53,70,0,1.41,MX,1729790320
564,bandar lampung,-5.4254,105.258,24.43,88,68,2.63,ID,1729790320
565,corinth,37.9407,22.9573,18.83,56,5,2.64,GR,1729790321
566,sao jose da coroa grande,-8.8978,-35.1478,27.31,59,46,5.35,BR,1729790321
567,wynyard,-41.0,145.7167,6.34,85,5,1.34,AU,1729790321
568,as sulayyil,20.4607,45.5779,30.72,33,11,4.95,SA,1729790321
569,tobruk,32.0836,23.9764,21.47,61,2,4.79,LY,1729790321
570,coruripe,-10.1256,-36.1756,27.96,59,70,7.26,BR,1729790321
571,becancour,46.3334,-72.4324,10.53,54,0,4.12,CA,1729790321
572,polyarnyy,69.1989,33.4478,3.36,85,79,4.64,RU,1729790321
573,bafoulabe,13.8065,-10.8321,34.37,34,100,2.61,ML,1729790321
574,bahia blanca,-38.7196,-62.2724,26.78,21,80,4.55,AR,1729790135
575,jelah,44.6542,17.9581,12.56,83,100,1.1,BA,1729790321
576,chittarkonda,18.1167,82.0833,18.45,81,100,0.39,IN,1729790321
577,qarqaraly,49.4058,75.4742,3.49,94,100,9.02,KZ,1729790321
578,mili,6.0815,171.735,28.52,68,88,2.76,MH,1729790322
579,melfort,52.8667,-104.6177,5.07,87,100,4.63,CA,1729790322
580,tangalle,6.024,80.7911,25.71,88,63,3.75,LK,1729790322
581,jinghong,21.991,100.7341,20.98,85,63,1.4,CN,1729790322
582,jumla,29.2747,82.1838,7.21,91,4,1.48,NP,1729790322
583,magole,-6.3667,37.3667,26.76,54,46,3.83,TZ,1729790322
584,nizhneudinsk,54.9076,99.0276,1.05,84,100,1.6,RU,1729790322
585,belyy yar,53.6039,91.3903,6.94,76,0,3.0,RU,1729790322
586,alajarvi,63.0,23.8167,7.43,97,32,2.0,FI,1729790322
587,tomatlan,19.9333,-105.25,31.22,61,14,0.29,MX,1729790322
588,la passe,45.5549,-0.8967,18.56,74,22,3.74,FR,1729790322
589,usogorsk,63.4106,48.6872,4.32,88,100,4.95,RU,1729790322
590,kristiansund,63.1115,7.732,13.36,50,0,3.09,NO,1729790322
591,port moresby,-9.4431,147.1797,24.68,88,40,2.57,PG,1729790322
592,cartagena del chaira,1.3349,-74.8429,33.65,43,63,2.34,CO,1729790323
593,balakhta,55.38,91.6,3.96,90,100,1.99,RU,1729790323
